zona_idealista,mes,precio_eur_m2
Aiete-Anorga-Ibaeta,2010-12,4198
Aiete-Anorga-Ibaeta,2011-01,4268
Aiete-Anorga-Ibaeta,2011-02,4343
Aiete-Anorga-Ibaeta,2011-03,4597
Aiete-Anorga-Ibaeta,2011-04,4692
Aiete-Anorga-Ibaeta,2011-05,4583
Aiete-Anorga-Ibaeta,2011-06,4433
Aiete-Anorga-Ibaeta,2011-07,4389
Aiete-Anorga-Ibaeta,2011-08,4301
Aiete-Anorga-Ibaeta,2011-09,4343
Aiete-Anorga-Ibaeta,2011-10,4291
Aiete-Anorga-Ibaeta,2011-11,4508
Aiete-Anorga-Ibaeta,2011-12,4346
Aiete-Anorga-Ibaeta,2012-01,4285
Aiete-Anorga-Ibaeta,2012-02,4185
Aiete-Anorga-Ibaeta,2012-03,4253
Aiete-Anorga-Ibaeta,2012-04,4317
Aiete-Anorga-Ibaeta,2012-05,4488
Aiete-Anorga-Ibaeta,2012-06,4222
Aiete-Anorga-Ibaeta,2012-07,4225
Aiete-Anorga-Ibaeta,2012-08,4185
Aiete-Anorga-Ibaeta,2012-09,4100
Aiete-Anorga-Ibaeta,2012-10,4228
Aiete-Anorga-Ibaeta,2012-11,4172
Aiete-Anorga-Ibaeta,2012-12,4146
Aiete-Anorga-Ibaeta,2013-01,4096
Aiete-Anorga-Ibaeta,2013-02,4018
Aiete-Anorga-Ibaeta,2013-03,3958
Aiete-Anorga-Ibaeta,2013-04,3974
Aiete-Anorga-Ibaeta,2013-05,3968
Aiete-Anorga-Ibaeta,2013-06,3977
Aiete-Anorga-Ibaeta,2013-07,3936
Aiete-Anorga-Ibaeta,2013-08,3918
Aiete-Anorga-Ibaeta,2013-09,3863
Aiete-Anorga-Ibaeta,2013-10,3778
Aiete-Anorga-Ibaeta,2013-11,3770
Aiete-Anorga-Ibaeta,2013-12,3776
Aiete-Anorga-Ibaeta,2014-01,3782
Aiete-Anorga-Ibaeta,2014-02,3808
Aiete-Anorga-Ibaeta,2014-03,3829
Aiete-Anorga-Ibaeta,2014-04,3676
Aiete-Anorga-Ibaeta,2014-05,3673
Aiete-Anorga-Ibaeta,2014-06,3703
Aiete-Anorga-Ibaeta,2014-07,3711
Aiete-Anorga-Ibaeta,2014-08,3658
Aiete-Anorga-Ibaeta,2014-09,3630
Aiete-Anorga-Ibaeta,2014-10,3616
Aiete-Anorga-Ibaeta,2014-11,3587
Aiete-Anorga-Ibaeta,2014-12,3569
Aiete-Anorga-Ibaeta,2015-01,3601
Aiete-Anorga-Ibaeta,2015-02,3541
Aiete-Anorga-Ibaeta,2015-03,3573
Aiete-Anorga-Ibaeta,2015-04,3593
Aiete-Anorga-Ibaeta,2015-05,3599
Aiete-Anorga-Ibaeta,2015-06,3672
Aiete-Anorga-Ibaeta,2015-07,3634
Aiete-Anorga-Ibaeta,2015-08,3648
Aiete-Anorga-Ibaeta,2015-09,3673
Aiete-Anorga-Ibaeta,2015-10,3651
Aiete-Anorga-Ibaeta,2015-11,3643
Aiete-Anorga-Ibaeta,2015-12,3606
Aiete-Anorga-Ibaeta,2016-01,3590
Aiete-Anorga-Ibaeta,2016-02,3547
Aiete-Anorga-Ibaeta,2016-03,3611
Aiete-Anorga-Ibaeta,2016-04,3548
Aiete-Anorga-Ibaeta,2016-05,3528
Aiete-Anorga-Ibaeta,2016-06,3528
Aiete-Anorga-Ibaeta,2016-07,3593
Aiete-Anorga-Ibaeta,2016-08,3591
Aiete-Anorga-Ibaeta,2016-09,3554
Aiete-Anorga-Ibaeta,2016-10,3612
Aiete-Anorga-Ibaeta,2016-11,3644
Aiete-Anorga-Ibaeta,2016-12,3641
Aiete-Anorga-Ibaeta,2017-01,3683
Aiete-Anorga-Ibaeta,2017-02,3704
Aiete-Anorga-Ibaeta,2017-03,3717
Aiete-Anorga-Ibaeta,2017-04,3723
Aiete-Anorga-Ibaeta,2017-05,3700
Aiete-Anorga-Ibaeta,2017-06,3715
Aiete-Anorga-Ibaeta,2017-07,3656
Aiete-Anorga-Ibaeta,2017-08,3665
Aiete-Anorga-Ibaeta,2017-09,3606
Aiete-Anorga-Ibaeta,2017-10,3594
Aiete-Anorga-Ibaeta,2017-11,3533
Aiete-Anorga-Ibaeta,2017-12,3551
Aiete-Anorga-Ibaeta,2018-01,3589
Aiete-Anorga-Ibaeta,2018-02,3527
Aiete-Anorga-Ibaeta,2018-03,3643
Aiete-Anorga-Ibaeta,2018-04,3718
Aiete-Anorga-Ibaeta,2018-05,3716
Aiete-Anorga-Ibaeta,2018-06,3592
Aiete-Anorga-Ibaeta,2018-07,3592
Aiete-Anorga-Ibaeta,2018-08,3715
Aiete-Anorga-Ibaeta,2018-09,3658
Aiete-Anorga-Ibaeta,2018-10,3685
Aiete-Anorga-Ibaeta,2018-11,3708
Aiete-Anorga-Ibaeta,2018-12,3733
Aiete-Anorga-Ibaeta,2019-01,3726
Aiete-Anorga-Ibaeta,2019-02,3686
Aiete-Anorga-Ibaeta,2019-03,3803
Aiete-Anorga-Ibaeta,2019-04,3814
Aiete-Anorga-Ibaeta,2019-05,3828
Aiete-Anorga-Ibaeta,2019-06,3853
Aiete-Anorga-Ibaeta,2019-07,3813
Aiete-Anorga-Ibaeta,2019-08,3809
Aiete-Anorga-Ibaeta,2019-09,3805
Aiete-Anorga-Ibaeta,2019-10,3766
Aiete-Anorga-Ibaeta,2019-11,3813
Aiete-Anorga-Ibaeta,2019-12,3862
Aiete-Anorga-Ibaeta,2020-01,3891
Aiete-Anorga-Ibaeta,2020-02,3911
Aiete-Anorga-Ibaeta,2020-03,3873
Aiete-Anorga-Ibaeta,2020-04,3872
Aiete-Anorga-Ibaeta,2020-05,3900
Aiete-Anorga-Ibaeta,2020-06,3885
Aiete-Anorga-Ibaeta,2020-07,3860
Aiete-Anorga-Ibaeta,2020-08,3912
Aiete-Anorga-Ibaeta,2020-09,3943
Aiete-Anorga-Ibaeta,2020-10,3948
Aiete-Anorga-Ibaeta,2020-11,4063
Aiete-Anorga-Ibaeta,2020-12,4054
Aiete-Anorga-Ibaeta,2021-01,4016
Aiete-Anorga-Ibaeta,2021-02,4058
Aiete-Anorga-Ibaeta,2021-03,4121
Aiete-Anorga-Ibaeta,2021-04,4216
Aiete-Anorga-Ibaeta,2021-05,4163
Aiete-Anorga-Ibaeta,2021-06,4168
Aiete-Anorga-Ibaeta,2021-07,4106
Aiete-Anorga-Ibaeta,2021-08,3989
Aiete-Anorga-Ibaeta,2021-09,4035
Aiete-Anorga-Ibaeta,2021-10,4047
Aiete-Anorga-Ibaeta,2021-11,4134
Aiete-Anorga-Ibaeta,2021-12,4383
Aiete-Anorga-Ibaeta,2022-01,4609
Aiete-Anorga-Ibaeta,2022-02,4394
Aiete-Anorga-Ibaeta,2022-03,4358
Aiete-Anorga-Ibaeta,2022-04,4328
Aiete-Anorga-Ibaeta,2022-05,4311
Aiete-Anorga-Ibaeta,2022-06,4411
Aiete-Anorga-Ibaeta,2022-07,4627
Aiete-Anorga-Ibaeta,2022-08,4642
Aiete-Anorga-Ibaeta,2022-09,4621
Aiete-Anorga-Ibaeta,2022-10,4693
Aiete-Anorga-Ibaeta,2022-11,4475
Aiete-Anorga-Ibaeta,2022-12,4659
Aiete-Anorga-Ibaeta,2023-01,4585
Aiete-Anorga-Ibaeta,2023-02,4671
Aiete-Anorga-Ibaeta,2023-03,4826
Aiete-Anorga-Ibaeta,2023-04,4929
Aiete-Anorga-Ibaeta,2023-05,4803
Aiete-Anorga-Ibaeta,2023-06,4840
Aiete-Anorga-Ibaeta,2023-07,4767
Aiete-Anorga-Ibaeta,2023-08,4779
Aiete-Anorga-Ibaeta,2023-09,4689
Aiete-Anorga-Ibaeta,2023-10,4595
Aiete-Anorga-Ibaeta,2023-11,4582
Aiete-Anorga-Ibaeta,2023-12,4568
Aiete-Anorga-Ibaeta,2024-01,4484
Aiete-Anorga-Ibaeta,2024-02,4564
Aiete-Anorga-Ibaeta,2024-03,4758
Aiete-Anorga-Ibaeta,2024-04,4740
Aiete-Anorga-Ibaeta,2024-05,4723
Aiete-Anorga-Ibaeta,2024-06,4677
Aiete-Anorga-Ibaeta,2024-07,4703
Aiete-Anorga-Ibaeta,2024-08,4778
Aiete-Anorga-Ibaeta,2024-09,4849
Aiete-Anorga-Ibaeta,2024-10,4788
Aiete-Anorga-Ibaeta,2024-11,4754
Aiete-Anorga-Ibaeta,2024-12,4663
Aiete-Anorga-Ibaeta,2025-01,4840
Aiete-Anorga-Ibaeta,2025-02,4730
Aiete-Anorga-Ibaeta,2025-03,4731
Aiete-Anorga-Ibaeta,2025-04,4923
Aiete-Anorga-Ibaeta,2025-05,4741
Aiete-Anorga-Ibaeta,2025-06,4804
Aiete-Anorga-Ibaeta,2025-07,4859
Aiete-Anorga-Ibaeta,2025-08,5085
Aiete-Anorga-Ibaeta,2025-09,5200
Aiete-Anorga-Ibaeta,2025-10,5344
Aiete-Anorga-Ibaeta,2025-11,5488
Aiete-Anorga-Ibaeta,2025-12,5418
Aiete-Anorga-Ibaeta,2026-01,5279
Aiete-Anorga-Ibaeta,2026-02,5366
Aiete-Anorga-Ibaeta,2026-03,5453
Aiete-Anorga-Ibaeta,2026-04,5552
Aiete-Anorga-Ibaeta,2026-05,5574
Aiete-Anorga-Ibaeta,2026-06,5608
Altza-Bidebieta,2010-09,3190
Altza-Bidebieta,2010-10,3213
Altza-Bidebieta,2010-11,3226
Altza-Bidebieta,2010-12,3218
Altza-Bidebieta,2011-01,3233
Altza-Bidebieta,2011-02,3268
Altza-Bidebieta,2011-03,3260
Altza-Bidebieta,2011-04,3220
Altza-Bidebieta,2011-05,3209
Altza-Bidebieta,2011-06,3179
Altza-Bidebieta,2011-07,3179
Altza-Bidebieta,2011-08,3112
Altza-Bidebieta,2011-09,3138
Altza-Bidebieta,2011-10,3134
Altza-Bidebieta,2011-11,3126
Altza-Bidebieta,2011-12,3111
Altza-Bidebieta,2012-01,3050
Altza-Bidebieta,2012-02,3001
Altza-Bidebieta,2012-03,2967
Altza-Bidebieta,2012-04,2957
Altza-Bidebieta,2012-05,2906
Altza-Bidebieta,2012-06,2849
Altza-Bidebieta,2012-07,2908
Altza-Bidebieta,2012-08,2941
Altza-Bidebieta,2012-09,2860
Altza-Bidebieta,2012-10,2844
Altza-Bidebieta,2012-11,2879
Altza-Bidebieta,2012-12,2844
Altza-Bidebieta,2013-01,2842
Altza-Bidebieta,2013-02,2823
Altza-Bidebieta,2013-03,2812
Altza-Bidebieta,2013-04,2775
Altza-Bidebieta,2013-05,2754
Altza-Bidebieta,2013-06,2742
Altza-Bidebieta,2013-07,2699
Altza-Bidebieta,2013-08,2690
Altza-Bidebieta,2013-09,2651
Altza-Bidebieta,2013-10,2593
Altza-Bidebieta,2013-11,2596
Altza-Bidebieta,2013-12,2589
Altza-Bidebieta,2014-01,2570
Altza-Bidebieta,2014-02,2571
Altza-Bidebieta,2014-03,2567
Altza-Bidebieta,2014-04,2543
Altza-Bidebieta,2014-05,2551
Altza-Bidebieta,2014-06,2589
Altza-Bidebieta,2014-07,2604
Altza-Bidebieta,2014-08,2574
Altza-Bidebieta,2014-09,2573
Altza-Bidebieta,2014-10,2546
Altza-Bidebieta,2014-11,2449
Altza-Bidebieta,2014-12,2480
Altza-Bidebieta,2015-01,2444
Altza-Bidebieta,2015-02,2431
Altza-Bidebieta,2015-03,2431
Altza-Bidebieta,2015-04,2394
Altza-Bidebieta,2015-05,2441
Altza-Bidebieta,2015-06,2398
Altza-Bidebieta,2015-07,2367
Altza-Bidebieta,2015-08,2355
Altza-Bidebieta,2015-09,2375
Altza-Bidebieta,2015-10,2381
Altza-Bidebieta,2015-11,2414
Altza-Bidebieta,2015-12,2398
Altza-Bidebieta,2016-01,2401
Altza-Bidebieta,2016-02,2382
Altza-Bidebieta,2016-03,2368
Altza-Bidebieta,2016-04,2393
Altza-Bidebieta,2016-05,2413
Altza-Bidebieta,2016-06,2391
Altza-Bidebieta,2016-07,2377
Altza-Bidebieta,2016-08,2431
Altza-Bidebieta,2016-09,2448
Altza-Bidebieta,2016-10,2412
Altza-Bidebieta,2016-11,2397
Altza-Bidebieta,2016-12,2386
Altza-Bidebieta,2017-01,2420
Altza-Bidebieta,2017-02,2420
Altza-Bidebieta,2017-03,2446
Altza-Bidebieta,2017-04,2446
Altza-Bidebieta,2017-05,2471
Altza-Bidebieta,2017-06,2431
Altza-Bidebieta,2017-07,2409
Altza-Bidebieta,2017-08,2381
Altza-Bidebieta,2017-09,2362
Altza-Bidebieta,2017-10,2336
Altza-Bidebieta,2017-11,2334
Altza-Bidebieta,2017-12,2328
Altza-Bidebieta,2018-01,2333
Altza-Bidebieta,2018-02,2358
Altza-Bidebieta,2018-03,2376
Altza-Bidebieta,2018-04,2401
Altza-Bidebieta,2018-05,2399
Altza-Bidebieta,2018-06,2417
Altza-Bidebieta,2018-07,2451
Altza-Bidebieta,2018-08,2470
Altza-Bidebieta,2018-09,2508
Altza-Bidebieta,2018-10,2554
Altza-Bidebieta,2018-11,2508
Altza-Bidebieta,2018-12,2518
Altza-Bidebieta,2019-01,2478
Altza-Bidebieta,2019-02,2478
Altza-Bidebieta,2019-03,2546
Altza-Bidebieta,2019-04,2547
Altza-Bidebieta,2019-05,2604
Altza-Bidebieta,2019-06,2641
Altza-Bidebieta,2019-07,2644
Altza-Bidebieta,2019-08,2692
Altza-Bidebieta,2019-09,2691
Altza-Bidebieta,2019-10,2726
Altza-Bidebieta,2019-11,2692
Altza-Bidebieta,2019-12,2727
Altza-Bidebieta,2020-01,2750
Altza-Bidebieta,2020-02,2765
Altza-Bidebieta,2020-03,2761
Altza-Bidebieta,2020-04,2766
Altza-Bidebieta,2020-05,2763
Altza-Bidebieta,2020-06,2750
Altza-Bidebieta,2020-07,2740
Altza-Bidebieta,2020-08,2791
Altza-Bidebieta,2020-09,2796
Altza-Bidebieta,2020-10,2709
Altza-Bidebieta,2020-11,2731
Altza-Bidebieta,2020-12,2711
Altza-Bidebieta,2021-01,2744
Altza-Bidebieta,2021-02,2750
Altza-Bidebieta,2021-03,2836
Altza-Bidebieta,2021-04,2838
Altza-Bidebieta,2021-05,2776
Altza-Bidebieta,2021-06,2736
Altza-Bidebieta,2021-07,2735
Altza-Bidebieta,2021-08,2751
Altza-Bidebieta,2021-09,2824
Altza-Bidebieta,2021-10,2719
Altza-Bidebieta,2021-11,2740
Altza-Bidebieta,2021-12,2756
Altza-Bidebieta,2022-01,2718
Altza-Bidebieta,2022-02,2754
Altza-Bidebieta,2022-03,2793
Altza-Bidebieta,2022-04,2841
Altza-Bidebieta,2022-05,2936
Altza-Bidebieta,2022-06,2947
Altza-Bidebieta,2022-07,2907
Altza-Bidebieta,2022-08,2877
Altza-Bidebieta,2022-09,2881
Altza-Bidebieta,2022-10,3018
Altza-Bidebieta,2022-11,3025
Altza-Bidebieta,2022-12,3067
Altza-Bidebieta,2023-01,3101
Altza-Bidebieta,2023-02,3101
Altza-Bidebieta,2023-03,3108
Altza-Bidebieta,2023-04,3068
Altza-Bidebieta,2023-05,3108
Altza-Bidebieta,2023-06,3172
Altza-Bidebieta,2023-07,3274
Altza-Bidebieta,2023-08,3244
Altza-Bidebieta,2023-09,3198
Altza-Bidebieta,2023-10,3140
Altza-Bidebieta,2023-11,3256
Altza-Bidebieta,2023-12,3282
Altza-Bidebieta,2024-01,3226
Altza-Bidebieta,2024-02,3228
Altza-Bidebieta,2024-03,3235
Altza-Bidebieta,2024-04,3234
Altza-Bidebieta,2024-05,3268
Altza-Bidebieta,2024-06,3328
Altza-Bidebieta,2024-07,3323
Altza-Bidebieta,2024-08,3302
Altza-Bidebieta,2024-09,3368
Altza-Bidebieta,2024-10,3401
Altza-Bidebieta,2024-11,3456
Altza-Bidebieta,2024-12,3474
Altza-Bidebieta,2025-01,3500
Altza-Bidebieta,2025-02,3617
Altza-Bidebieta,2025-03,3621
Altza-Bidebieta,2025-04,3607
Altza-Bidebieta,2025-05,3806
Altza-Bidebieta,2025-06,3757
Altza-Bidebieta,2025-07,3774
Altza-Bidebieta,2025-08,3813
Altza-Bidebieta,2025-09,3840
Altza-Bidebieta,2025-10,3876
Altza-Bidebieta,2025-11,3751
Altza-Bidebieta,2025-12,3747
Altza-Bidebieta,2026-01,3801
Altza-Bidebieta,2026-02,3890
Altza-Bidebieta,2026-03,4004
Altza-Bidebieta,2026-04,3878
Altza-Bidebieta,2026-05,3896
Altza-Bidebieta,2026-06,3918
Amara,2010-11,4261
Amara,2010-12,4292
Amara,2011-01,4335
Amara,2011-02,4310
Amara,2011-03,4544
Amara,2011-04,4705
Amara,2011-05,4625
Amara,2011-06,4547
Amara,2011-07,4526
Amara,2011-08,4606
Amara,2011-09,4640
Amara,2011-10,4509
Amara,2011-11,4487
Amara,2011-12,4449
Amara,2012-01,4453
Amara,2012-02,4380
Amara,2012-03,4329
Amara,2012-04,4288
Amara,2012-05,4167
Amara,2012-06,4083
Amara,2012-07,4060
Amara,2012-08,4041
Amara,2012-09,4104
Amara,2012-10,4104
Amara,2012-11,4088
Amara,2012-12,4062
Amara,2013-01,3999
Amara,2013-02,3953
Amara,2013-03,3913
Amara,2013-04,3734
Amara,2013-05,3746
Amara,2013-06,3791
Amara,2013-07,3759
Amara,2013-08,3687
Amara,2013-09,3601
Amara,2013-10,3582
Amara,2013-11,3586
Amara,2013-12,3573
Amara,2014-01,3516
Amara,2014-02,3551
Amara,2014-03,3578
Amara,2014-04,3517
Amara,2014-05,3520
Amara,2014-06,3520
Amara,2014-07,3491
Amara,2014-08,3460
Amara,2014-09,3436
Amara,2014-10,3460
Amara,2014-11,3481
Amara,2014-12,3490
Amara,2015-01,3457
Amara,2015-02,3475
Amara,2015-03,3455
Amara,2015-04,3454
Amara,2015-05,3505
Amara,2015-06,3465
Amara,2015-07,3461
Amara,2015-08,3508
Amara,2015-09,3550
Amara,2015-10,3563
Amara,2015-11,3611
Amara,2015-12,3648
Amara,2016-01,3658
Amara,2016-02,3681
Amara,2016-03,3662
Amara,2016-04,3677
Amara,2016-05,3708
Amara,2016-06,3714
Amara,2016-07,3761
Amara,2016-08,3738
Amara,2016-09,3737
Amara,2016-10,3778
Amara,2016-11,3774
Amara,2016-12,3812
Amara,2017-01,3844
Amara,2017-02,3872
Amara,2017-03,3923
Amara,2017-04,3868
Amara,2017-05,3898
Amara,2017-06,3889
Amara,2017-07,3923
Amara,2017-08,3934
Amara,2017-09,3962
Amara,2017-10,3939
Amara,2017-11,3941
Amara,2017-12,3990
Amara,2018-01,3988
Amara,2018-02,4042
Amara,2018-03,4119
Amara,2018-04,4131
Amara,2018-05,4144
Amara,2018-06,4261
Amara,2018-07,4261
Amara,2018-08,4254
Amara,2018-09,4228
Amara,2018-10,4223
Amara,2018-11,4201
Amara,2018-12,4266
Amara,2019-01,4269
Amara,2019-02,4249
Amara,2019-03,4193
Amara,2019-04,4303
Amara,2019-05,4299
Amara,2019-06,4285
Amara,2019-07,4298
Amara,2019-08,4303
Amara,2019-09,4310
Amara,2019-10,4316
Amara,2019-11,4464
Amara,2019-12,4472
Amara,2020-01,4468
Amara,2020-02,4436
Amara,2020-03,4490
Amara,2020-04,4497
Amara,2020-05,4502
Amara,2020-06,4510
Amara,2020-07,4601
Amara,2020-08,4677
Amara,2020-09,4586
Amara,2020-10,4550
Amara,2020-11,4488
Amara,2020-12,4384
Amara,2021-01,4317
Amara,2021-02,4367
Amara,2021-03,4332
Amara,2021-04,4371
Amara,2021-05,4318
Amara,2021-06,4350
Amara,2021-07,4350
Amara,2021-08,4344
Amara,2021-09,4363
Amara,2021-10,4313
Amara,2021-11,4375
Amara,2021-12,4500
Amara,2022-01,4467
Amara,2022-02,4588
Amara,2022-03,4571
Amara,2022-04,4619
Amara,2022-05,4649
Amara,2022-06,4765
Amara,2022-07,4920
Amara,2022-08,5090
Amara,2022-09,5090
Amara,2022-10,5017
Amara,2022-11,4993
Amara,2022-12,5000
Amara,2023-01,4933
Amara,2023-02,4909
Amara,2023-03,4878
Amara,2023-04,4800
Amara,2023-05,4824
Amara,2023-06,4722
Amara,2023-07,5068
Amara,2023-08,5045
Amara,2023-09,5112
Amara,2023-10,5040
Amara,2023-11,5040
Amara,2023-12,5077
Amara,2024-01,5080
Amara,2024-02,5107
Amara,2024-03,5278
Amara,2024-04,5382
Amara,2024-05,5532
Amara,2024-06,5385
Amara,2024-07,5357
Amara,2024-08,5294
Amara,2024-09,5375
Amara,2024-10,5368
Amara,2024-11,5368
Amara,2024-12,5289
Amara,2025-01,5400
Amara,2025-02,5480
Amara,2025-03,5588
Amara,2025-04,5571
Amara,2025-05,5588
Amara,2025-06,5794
Amara,2025-07,5884
Amara,2025-08,5884
Amara,2025-09,5778
Amara,2025-10,5990
Amara,2025-11,6081
Amara,2025-12,6302
Amara,2026-01,6305
Amara,2026-02,6118
Amara,2026-03,6150
Amara,2026-04,6286
Amara,2026-05,6194
Amara,2026-06,6248
Antiguo,2011-03,5366
Antiguo,2011-04,5428
Antiguo,2011-05,5428
Antiguo,2011-06,5232
Antiguo,2011-07,5213
Antiguo,2011-08,5185
Antiguo,2011-09,5194
Antiguo,2011-10,5258
Antiguo,2011-11,5439
Antiguo,2011-12,5309
Antiguo,2012-01,5310
Antiguo,2012-02,5254
Antiguo,2012-03,5101
Antiguo,2012-04,5018
Antiguo,2012-05,5102
Antiguo,2012-06,5344
Antiguo,2012-07,5185
Antiguo,2012-08,4961
Antiguo,2012-09,4924
Antiguo,2012-10,4895
Antiguo,2012-11,4902
Antiguo,2012-12,4902
Antiguo,2013-01,4821
Antiguo,2013-02,4730
Antiguo,2013-03,4786
Antiguo,2013-04,4537
Antiguo,2013-05,4600
Antiguo,2013-06,4648
Antiguo,2013-07,4692
Antiguo,2013-08,4638
Antiguo,2013-09,4632
Antiguo,2013-10,4612
Antiguo,2013-11,4628
Antiguo,2013-12,4676
Antiguo,2014-01,4589
Antiguo,2014-02,4516
Antiguo,2014-03,4589
Antiguo,2014-04,4508
Antiguo,2014-05,4574
Antiguo,2014-06,4604
Antiguo,2014-07,4605
Antiguo,2014-08,4652
Antiguo,2014-09,4630
Antiguo,2014-10,4692
Antiguo,2014-11,4679
Antiguo,2014-12,4725
Antiguo,2015-01,4731
Antiguo,2015-02,4800
Antiguo,2015-03,4875
Antiguo,2015-04,4752
Antiguo,2015-05,4696
Antiguo,2015-06,4710
Antiguo,2015-07,4703
Antiguo,2015-08,4717
Antiguo,2015-09,4793
Antiguo,2015-10,4746
Antiguo,2015-11,4718
Antiguo,2015-12,4825
Antiguo,2016-01,4875
Antiguo,2016-02,4928
Antiguo,2016-03,4960
Antiguo,2016-04,4862
Antiguo,2016-05,4761
Antiguo,2016-06,4695
Antiguo,2016-07,4701
Antiguo,2016-08,4694
Antiguo,2016-09,4812
Antiguo,2016-10,4981
Antiguo,2016-11,4915
Antiguo,2016-12,4761
Antiguo,2017-01,4834
Antiguo,2017-02,4929
Antiguo,2017-03,4971
Antiguo,2017-04,4913
Antiguo,2017-05,5057
Antiguo,2017-06,5073
Antiguo,2017-07,5021
Antiguo,2017-08,5020
Antiguo,2017-09,4936
Antiguo,2017-10,4909
Antiguo,2017-11,5004
Antiguo,2017-12,5067
Antiguo,2018-01,5267
Antiguo,2018-02,5258
Antiguo,2018-03,5311
Antiguo,2018-04,5136
Antiguo,2018-05,5075
Antiguo,2018-06,5003
Antiguo,2018-07,5067
Antiguo,2018-08,5270
Antiguo,2018-09,5384
Antiguo,2018-10,5396
Antiguo,2018-11,5415
Antiguo,2018-12,5260
Antiguo,2019-01,5237
Antiguo,2019-02,4934
Antiguo,2019-03,4897
Antiguo,2019-04,4857
Antiguo,2019-05,4874
Antiguo,2019-06,5061
Antiguo,2019-07,5099
Antiguo,2019-08,4878
Antiguo,2019-09,4890
Antiguo,2019-10,4865
Antiguo,2019-11,5238
Antiguo,2019-12,5350
Antiguo,2020-01,5302
Antiguo,2020-02,5390
Antiguo,2020-03,5402
Antiguo,2020-04,5126
Antiguo,2020-05,5714
Antiguo,2020-06,5663
Antiguo,2020-07,5323
Antiguo,2020-08,5335
Antiguo,2020-09,5569
Antiguo,2020-10,5914
Antiguo,2020-11,5734
Antiguo,2020-12,5773
Antiguo,2021-01,5491
Antiguo,2021-02,5448
Antiguo,2021-03,5466
Antiguo,2021-04,5466
Antiguo,2021-05,5467
Antiguo,2021-06,5574
Antiguo,2021-07,5697
Antiguo,2021-08,5536
Antiguo,2021-09,5539
Antiguo,2021-10,5496
Antiguo,2021-11,5472
Antiguo,2021-12,5520
Antiguo,2022-01,5557
Antiguo,2022-02,5642
Antiguo,2022-03,5552
Antiguo,2022-04,5630
Antiguo,2022-05,5605
Antiguo,2022-06,5600
Antiguo,2022-07,5439
Antiguo,2022-08,5782
Antiguo,2022-09,5823
Antiguo,2022-10,5601
Antiguo,2022-11,5600
Antiguo,2022-12,6014
Antiguo,2023-01,5995
Antiguo,2023-02,5965
Antiguo,2023-03,5776
Antiguo,2023-04,5660
Antiguo,2023-05,5544
Antiguo,2023-06,5820
Antiguo,2023-07,5802
Antiguo,2023-08,5884
Antiguo,2023-09,5601
Antiguo,2023-10,5707
Antiguo,2023-11,5780
Antiguo,2023-12,5852
Antiguo,2024-01,5773
Antiguo,2024-02,5905
Antiguo,2024-03,6007
Antiguo,2024-04,6169
Antiguo,2024-05,6153
Antiguo,2024-06,6251
Antiguo,2024-07,6338
Antiguo,2024-08,6269
Antiguo,2024-09,6136
Antiguo,2024-10,6141
Antiguo,2024-11,6190
Antiguo,2024-12,6495
Antiguo,2025-01,6580
Antiguo,2025-02,6615
Antiguo,2025-03,6670
Antiguo,2025-04,6720
Antiguo,2025-05,6826
Antiguo,2025-06,6852
Antiguo,2025-07,6829
Antiguo,2025-08,7197
Antiguo,2025-09,7359
Antiguo,2025-10,7650
Antiguo,2025-11,7941
Antiguo,2025-12,7955
Antiguo,2026-01,7953
Antiguo,2026-02,8009
Antiguo,2026-03,7953
Antiguo,2026-04,7681
Antiguo,2026-05,7773
Antiguo,2026-06,7695
Ategorrieta,2012-07,3387
Ategorrieta,2012-08,3444
Ategorrieta,2012-09,3488
Ategorrieta,2012-10,3465
Ategorrieta,2012-11,3474
Ategorrieta,2012-12,3413
Ategorrieta,2013-01,3340
Ategorrieta,2013-02,3591
Ategorrieta,2013-03,3683
Ategorrieta,2013-04,3428
Ategorrieta,2013-05,3262
Ategorrieta,2013-06,3297
Ategorrieta,2013-07,3310
Ategorrieta,2013-08,3256
Ategorrieta,2013-09,3157
Ategorrieta,2013-10,3204
Ategorrieta,2013-11,3130
Ategorrieta,2013-12,3192
Ategorrieta,2014-01,3125
Ategorrieta,2014-02,3114
Ategorrieta,2014-03,3140
Ategorrieta,2014-04,2941
Ategorrieta,2014-05,2997
Ategorrieta,2014-06,2916
Ategorrieta,2014-07,2926
Ategorrieta,2014-08,2918
Ategorrieta,2014-09,2980
Ategorrieta,2014-10,2913
Ategorrieta,2014-11,2931
Ategorrieta,2014-12,2901
Ategorrieta,2015-01,2834
Ategorrieta,2015-02,2863
Ategorrieta,2015-03,2829
Ategorrieta,2015-04,2857
Ategorrieta,2015-05,2912
Ategorrieta,2015-06,3076
Ategorrieta,2015-07,3143
Ategorrieta,2015-08,3133
Ategorrieta,2015-09,3159
Ategorrieta,2015-10,3110
Ategorrieta,2015-11,3108
Ategorrieta,2015-12,3014
Ategorrieta,2016-01,3014
Ategorrieta,2016-02,2972
Ategorrieta,2016-03,2975
Ategorrieta,2016-04,3019
Ategorrieta,2016-05,3028
Ategorrieta,2016-06,2902
Ategorrieta,2016-07,2969
Ategorrieta,2016-08,2933
Ategorrieta,2016-09,2967
Ategorrieta,2016-10,3011
Ategorrieta,2016-11,2958
Ategorrieta,2016-12,3114
Ategorrieta,2017-01,3085
Ategorrieta,2017-02,3049
Ategorrieta,2017-03,3022
Ategorrieta,2017-04,3049
Ategorrieta,2017-05,2993
Ategorrieta,2017-06,3329
Ategorrieta,2017-07,3423
Ategorrieta,2017-08,3449
Ategorrieta,2017-09,3610
Ategorrieta,2017-10,3977
Ategorrieta,2017-11,3687
Ategorrieta,2017-12,3585
Ategorrieta,2018-01,3318
Ategorrieta,2018-02,3175
Ategorrieta,2018-03,3272
Ategorrieta,2018-04,3254
Ategorrieta,2018-05,3590
Ategorrieta,2018-06,3501
Ategorrieta,2018-07,3696
Ategorrieta,2018-08,3618
Ategorrieta,2018-09,3637
Ategorrieta,2018-10,3783
Ategorrieta,2018-11,3643
Ategorrieta,2018-12,3694
Ategorrieta,2019-01,3737
Ategorrieta,2019-02,3695
Ategorrieta,2019-03,3707
Ategorrieta,2019-04,3709
Ategorrieta,2019-05,3696
Ategorrieta,2019-06,3752
Ategorrieta,2019-07,3773
Ategorrieta,2019-08,3810
Ategorrieta,2019-09,3843
Ategorrieta,2019-10,3859
Ategorrieta,2019-11,3769
Ategorrieta,2019-12,3871
Ategorrieta,2020-01,3686
Ategorrieta,2020-02,3612
Ategorrieta,2020-03,3723
Ategorrieta,2020-04,3625
Ategorrieta,2020-05,3823
Ategorrieta,2020-06,3835
Ategorrieta,2020-07,3642
Ategorrieta,2020-08,3815
Ategorrieta,2020-09,3848
Ategorrieta,2020-10,3782
Ategorrieta,2020-11,3923
Ategorrieta,2020-12,3857
Ategorrieta,2021-01,3915
Ategorrieta,2021-02,3951
Ategorrieta,2021-03,4073
Ategorrieta,2021-04,4308
Ategorrieta,2021-05,4120
Ategorrieta,2021-06,4026
Ategorrieta,2021-07,4153
Ategorrieta,2021-08,4174
Ategorrieta,2021-09,4004
Ategorrieta,2021-10,3728
Ategorrieta,2021-11,4008
Ategorrieta,2021-12,3925
Ategorrieta,2022-01,3830
Ategorrieta,2022-02,3814
Ategorrieta,2022-03,3983
Ategorrieta,2022-04,4103
Ategorrieta,2022-05,4147
Ategorrieta,2022-06,3827
Ategorrieta,2022-07,4213
Ategorrieta,2022-08,4293
Ategorrieta,2022-09,4264
Ategorrieta,2022-10,4242
Ategorrieta,2022-11,4237
Ategorrieta,2022-12,4503
Ategorrieta,2023-01,4513
Ategorrieta,2023-02,4345
Ategorrieta,2023-03,4211
Ategorrieta,2023-04,4078
Ategorrieta,2023-05,3944
Ategorrieta,2023-06,3810
Ategorrieta,2023-07,3977
Ategorrieta,2023-08,4057
Ategorrieta,2024-03,4733
Ategorrieta,2024-04,4463
Ategorrieta,2024-05,4710
Ategorrieta,2024-06,4541
Ategorrieta,2024-07,4462
Ategorrieta,2024-08,4607
Ategorrieta,2024-09,4495
Ategorrieta,2024-10,4641
Ategorrieta,2024-11,4833
Ategorrieta,2024-12,4749
Centro-Miraconcha,2010-06,5986
Centro-Miraconcha,2010-07,6275
Centro-Miraconcha,2010-08,5817
Centro-Miraconcha,2010-09,6130
Centro-Miraconcha,2010-10,6173
Centro-Miraconcha,2010-11,6178
Centro-Miraconcha,2010-12,6174
Centro-Miraconcha,2011-01,6141
Centro-Miraconcha,2011-02,6197
Centro-Miraconcha,2011-03,6500
Centro-Miraconcha,2011-04,6298
Centro-Miraconcha,2011-05,6227
Centro-Miraconcha,2011-06,5986
Centro-Miraconcha,2011-07,6080
Centro-Miraconcha,2011-08,5927
Centro-Miraconcha,2011-09,5956
Centro-Miraconcha,2011-10,5795
Centro-Miraconcha,2011-11,5830
Centro-Miraconcha,2011-12,5824
Centro-Miraconcha,2012-01,5815
Centro-Miraconcha,2012-02,5743
Centro-Miraconcha,2012-03,5787
Centro-Miraconcha,2012-04,5655
Centro-Miraconcha,2012-05,5603
Centro-Miraconcha,2012-06,5492
Centro-Miraconcha,2012-07,5480
Centro-Miraconcha,2012-08,5417
Centro-Miraconcha,2012-09,5454
Centro-Miraconcha,2012-10,5509
Centro-Miraconcha,2012-11,5562
Centro-Miraconcha,2012-12,5407
Centro-Miraconcha,2013-01,5364
Centro-Miraconcha,2013-02,5399
Centro-Miraconcha,2013-03,5401
Centro-Miraconcha,2013-04,5398
Centro-Miraconcha,2013-05,5349
Centro-Miraconcha,2013-06,5299
Centro-Miraconcha,2013-07,5170
Centro-Miraconcha,2013-08,5035
Centro-Miraconcha,2013-09,5048
Centro-Miraconcha,2013-10,5016
Centro-Miraconcha,2013-11,5014
Centro-Miraconcha,2013-12,5064
Centro-Miraconcha,2014-01,5090
Centro-Miraconcha,2014-02,5102
Centro-Miraconcha,2014-03,5128
Centro-Miraconcha,2014-04,5054
Centro-Miraconcha,2014-05,5049
Centro-Miraconcha,2014-06,4978
Centro-Miraconcha,2014-07,4939
Centro-Miraconcha,2014-08,4973
Centro-Miraconcha,2014-09,4974
Centro-Miraconcha,2014-10,5039
Centro-Miraconcha,2014-11,5131
Centro-Miraconcha,2014-12,5172
Centro-Miraconcha,2015-01,5046
Centro-Miraconcha,2015-02,5146
Centro-Miraconcha,2015-03,5145
Centro-Miraconcha,2015-04,5152
Centro-Miraconcha,2015-05,5161
Centro-Miraconcha,2015-06,5149
Centro-Miraconcha,2015-07,5064
Centro-Miraconcha,2015-08,5055
Centro-Miraconcha,2015-09,5116
Centro-Miraconcha,2015-10,5153
Centro-Miraconcha,2015-11,5139
Centro-Miraconcha,2015-12,5196
Centro-Miraconcha,2016-01,5270
Centro-Miraconcha,2016-02,5357
Centro-Miraconcha,2016-03,5424
Centro-Miraconcha,2016-04,5418
Centro-Miraconcha,2016-05,5480
Centro-Miraconcha,2016-06,5434
Centro-Miraconcha,2016-07,5449
Centro-Miraconcha,2016-08,5503
Centro-Miraconcha,2016-09,5533
Centro-Miraconcha,2016-10,5572
Centro-Miraconcha,2016-11,5661
Centro-Miraconcha,2016-12,5824
Centro-Miraconcha,2017-01,5796
Centro-Miraconcha,2017-02,5743
Centro-Miraconcha,2017-03,5631
Centro-Miraconcha,2017-04,5681
Centro-Miraconcha,2017-05,5779
Centro-Miraconcha,2017-06,5783
Centro-Miraconcha,2017-07,5743
Centro-Miraconcha,2017-08,5715
Centro-Miraconcha,2017-09,5700
Centro-Miraconcha,2017-10,5833
Centro-Miraconcha,2017-11,5948
Centro-Miraconcha,2017-12,5992
Centro-Miraconcha,2018-01,6090
Centro-Miraconcha,2018-02,6167
Centro-Miraconcha,2018-03,6165
Centro-Miraconcha,2018-04,6213
Centro-Miraconcha,2018-05,6498
Centro-Miraconcha,2018-06,6459
Centro-Miraconcha,2018-07,6436
Centro-Miraconcha,2018-08,6286
Centro-Miraconcha,2018-09,6394
Centro-Miraconcha,2018-10,6375
Centro-Miraconcha,2018-11,6365
Centro-Miraconcha,2018-12,6548
Centro-Miraconcha,2019-01,6688
Centro-Miraconcha,2019-02,6690
Centro-Miraconcha,2019-03,6566
Centro-Miraconcha,2019-04,6598
Centro-Miraconcha,2019-05,6581
Centro-Miraconcha,2019-06,6615
Centro-Miraconcha,2019-07,6528
Centro-Miraconcha,2019-08,6523
Centro-Miraconcha,2019-09,6672
Centro-Miraconcha,2019-10,6674
Centro-Miraconcha,2019-11,6870
Centro-Miraconcha,2019-12,6867
Centro-Miraconcha,2020-01,6839
Centro-Miraconcha,2020-02,7006
Centro-Miraconcha,2020-03,7058
Centro-Miraconcha,2020-04,7125
Centro-Miraconcha,2020-05,7102
Centro-Miraconcha,2020-06,7119
Centro-Miraconcha,2020-07,7044
Centro-Miraconcha,2020-08,7282
Centro-Miraconcha,2020-09,7148
Centro-Miraconcha,2020-10,7163
Centro-Miraconcha,2020-11,7156
Centro-Miraconcha,2020-12,7209
Centro-Miraconcha,2021-01,7178
Centro-Miraconcha,2021-02,7155
Centro-Miraconcha,2021-03,7115
Centro-Miraconcha,2021-04,7011
Centro-Miraconcha,2021-05,6766
Centro-Miraconcha,2021-06,6697
Centro-Miraconcha,2021-07,6701
Centro-Miraconcha,2021-08,6626
Centro-Miraconcha,2021-09,6670
Centro-Miraconcha,2021-10,6677
Centro-Miraconcha,2021-11,6741
Centro-Miraconcha,2021-12,6851
Centro-Miraconcha,2022-01,6764
Centro-Miraconcha,2022-02,6944
Centro-Miraconcha,2022-03,7003
Centro-Miraconcha,2022-04,6929
Centro-Miraconcha,2022-05,6827
Centro-Miraconcha,2022-06,6756
Centro-Miraconcha,2022-07,6756
Centro-Miraconcha,2022-08,6583
Centro-Miraconcha,2022-09,6600
Centro-Miraconcha,2022-10,6590
Centro-Miraconcha,2022-11,6649
Centro-Miraconcha,2022-12,6650
Centro-Miraconcha,2023-01,6850
Centro-Miraconcha,2023-02,6845
Centro-Miraconcha,2023-03,6906
Centro-Miraconcha,2023-04,6960
Centro-Miraconcha,2023-05,7036
Centro-Miraconcha,2023-06,7157
Centro-Miraconcha,2023-07,7117
Centro-Miraconcha,2023-08,7147
Centro-Miraconcha,2023-09,7115
Centro-Miraconcha,2023-10,7235
Centro-Miraconcha,2023-11,7294
Centro-Miraconcha,2023-12,7308
Centro-Miraconcha,2024-01,7301
Centro-Miraconcha,2024-02,7342
Centro-Miraconcha,2024-03,7492
Centro-Miraconcha,2024-04,7520
Centro-Miraconcha,2024-05,7612
Centro-Miraconcha,2024-06,7561
Centro-Miraconcha,2024-07,7707
Centro-Miraconcha,2024-08,8060
Centro-Miraconcha,2024-09,7817
Centro-Miraconcha,2024-10,8059
Centro-Miraconcha,2024-11,8146
Centro-Miraconcha,2024-12,8177
Centro-Miraconcha,2025-01,8356
Centro-Miraconcha,2025-02,8327
Centro-Miraconcha,2025-03,8238
Centro-Miraconcha,2025-04,8182
Centro-Miraconcha,2025-05,8438
Centro-Miraconcha,2025-06,8475
Centro-Miraconcha,2025-07,8358
Centro-Miraconcha,2025-08,8435
Centro-Miraconcha,2025-09,8528
Centro-Miraconcha,2025-10,8366
Centro-Miraconcha,2025-11,8571
Centro-Miraconcha,2025-12,8654
Centro-Miraconcha,2026-01,8657
Centro-Miraconcha,2026-02,8668
Centro-Miraconcha,2026-03,8738
Centro-Miraconcha,2026-04,8878
Centro-Miraconcha,2026-05,8848
Centro-Miraconcha,2026-06,8478
Egia,2010-12,4215
Egia,2011-01,4166
Egia,2011-02,4166
Egia,2011-03,4308
Egia,2011-04,4317
Egia,2011-05,4317
Egia,2011-06,4298
Egia,2011-07,4405
Egia,2011-08,4305
Egia,2011-09,4289
Egia,2011-10,4247
Egia,2011-11,4214
Egia,2011-12,4131
Egia,2012-01,4064
Egia,2012-02,4030
Egia,2012-03,3964
Egia,2012-04,3998
Egia,2012-05,3960
Egia,2012-06,3900
Egia,2012-07,3893
Egia,2012-08,3856
Egia,2012-09,3747
Egia,2012-10,3636
Egia,2012-11,3691
Egia,2012-12,3602
Egia,2013-01,3609
Egia,2013-02,3493
Egia,2013-03,3385
Egia,2013-04,3255
Egia,2013-05,3226
Egia,2013-06,3234
Egia,2013-07,3279
Egia,2013-08,3234
Egia,2013-09,3210
Egia,2013-10,3140
Egia,2013-11,3100
Egia,2013-12,3034
Egia,2014-01,3014
Egia,2014-02,2993
Egia,2014-03,3122
Egia,2014-04,3259
Egia,2014-05,3269
Egia,2014-06,3262
Egia,2014-07,3257
Egia,2014-08,3250
Egia,2014-09,3248
Egia,2014-10,3255
Egia,2014-11,3266
Egia,2014-12,3246
Egia,2015-01,3202
Egia,2015-02,3204
Egia,2015-03,3249
Egia,2015-04,3028
Egia,2015-05,3025
Egia,2015-06,3049
Egia,2015-07,3052
Egia,2015-08,3037
Egia,2015-09,3050
Egia,2015-10,3092
Egia,2015-11,3107
Egia,2015-12,3144
Egia,2016-01,3149
Egia,2016-02,3116
Egia,2016-03,3116
Egia,2016-04,3158
Egia,2016-05,3176
Egia,2016-06,3196
Egia,2016-07,3192
Egia,2016-08,3205
Egia,2016-09,3278
Egia,2016-10,3289
Egia,2016-11,3332
Egia,2016-12,3308
Egia,2017-01,3262
Egia,2017-02,3242
Egia,2017-03,3291
Egia,2017-04,3214
Egia,2017-05,3341
Egia,2017-06,3365
Egia,2017-07,3363
Egia,2017-08,3232
Egia,2017-09,3210
Egia,2017-10,3163
Egia,2017-11,3320
Egia,2017-12,3468
Egia,2018-01,3565
Egia,2018-02,3612
Egia,2018-03,3651
Egia,2018-04,3840
Egia,2018-05,3768
Egia,2018-06,3752
Egia,2018-07,3807
Egia,2018-08,3842
Egia,2018-09,3674
Egia,2018-10,3743
Egia,2018-11,3924
Egia,2018-12,3900
Egia,2019-01,3943
Egia,2019-02,3972
Egia,2019-03,4046
Egia,2019-04,4003
Egia,2019-05,3919
Egia,2019-06,3882
Egia,2019-07,3867
Egia,2019-08,3717
Egia,2019-09,3661
Egia,2019-10,3670
Egia,2019-11,3655
Egia,2019-12,3676
Egia,2020-01,3694
Egia,2020-02,3836
Egia,2020-03,3881
Egia,2020-04,3922
Egia,2020-05,3836
Egia,2020-06,3918
Egia,2020-07,3927
Egia,2020-08,3841
Egia,2020-09,3851
Egia,2020-10,3850
Egia,2020-11,3953
Egia,2020-12,4028
Egia,2021-01,4328
Egia,2021-02,4297
Egia,2021-03,4365
Egia,2021-04,4292
Egia,2021-05,4177
Egia,2021-06,4147
Egia,2021-07,4255
Egia,2021-08,4331
Egia,2021-09,4229
Egia,2021-10,4155
Egia,2021-11,4312
Egia,2021-12,4395
Egia,2022-01,4355
Egia,2022-02,4547
Egia,2022-03,4577
Egia,2022-04,4533
Egia,2022-05,4391
Egia,2022-06,4456
Egia,2022-07,4466
Egia,2022-08,4423
Egia,2022-09,4334
Egia,2022-10,4300
Egia,2022-11,4455
Egia,2022-12,4597
Egia,2023-01,4606
Egia,2023-02,4620
Egia,2023-03,4362
Egia,2023-04,4379
Egia,2023-05,4369
Egia,2023-06,4348
Egia,2023-07,4402
Egia,2023-08,4597
Egia,2023-09,4743
Egia,2023-10,4889
Egia,2023-11,4661
Egia,2023-12,4667
Egia,2024-01,4834
Egia,2024-02,4939
Egia,2024-03,4956
Egia,2024-04,5092
Egia,2024-05,4950
Egia,2024-06,4873
Egia,2024-07,4802
Egia,2024-08,4737
Egia,2024-09,4852
Egia,2024-10,4730
Egia,2024-11,4830
Egia,2024-12,4774
Egia,2025-01,4899
Egia,2025-02,4964
Egia,2025-03,4879
Egia,2025-04,4975
Egia,2025-05,5118
Egia,2025-06,5126
Egia,2025-07,5098
Egia,2025-08,5203
Egia,2025-09,5216
Egia,2025-10,5427
Egia,2025-11,5427
Egia,2025-12,5480
Egia,2026-01,5400
Egia,2026-02,5376
Egia,2026-03,5409
Egia,2026-04,5327
Egia,2026-05,5240
Egia,2026-06,5535
Gros,2010-10,5800
Gros,2010-11,5800
Gros,2010-12,5800
Gros,2011-01,5684
Gros,2011-02,5736
Gros,2011-03,5684
Gros,2011-04,5743
Gros,2011-05,5743
Gros,2011-06,5743
Gros,2011-07,5641
Gros,2011-08,5682
Gros,2011-09,5641
Gros,2011-10,5591
Gros,2011-11,5556
Gros,2011-12,5529
Gros,2012-01,5548
Gros,2012-02,5564
Gros,2012-03,5476
Gros,2012-04,5357
Gros,2012-05,5217
Gros,2012-06,5098
Gros,2012-07,5056
Gros,2012-08,5000
Gros,2012-09,4853
Gros,2012-10,4889
Gros,2012-11,4809
Gros,2012-12,4800
Gros,2013-01,4771
Gros,2013-02,4796
Gros,2013-03,4750
Gros,2013-04,4647
Gros,2013-05,4595
Gros,2013-06,4543
Gros,2013-07,4499
Gros,2013-08,4490
Gros,2013-09,4443
Gros,2013-10,4475
Gros,2013-11,4409
Gros,2013-12,4347
Gros,2014-01,4309
Gros,2014-02,4255
Gros,2014-03,4221
Gros,2014-04,4207
Gros,2014-05,4153
Gros,2014-06,4165
Gros,2014-07,4232
Gros,2014-08,4248
Gros,2014-09,4248
Gros,2014-10,4290
Gros,2014-11,4310
Gros,2014-12,4382
Gros,2015-01,4432
Gros,2015-02,4474
Gros,2015-03,4498
Gros,2015-04,4488
Gros,2015-05,4488
Gros,2015-06,4523
Gros,2015-07,4524
Gros,2015-08,4523
Gros,2015-09,4692
Gros,2015-10,4697
Gros,2015-11,4766
Gros,2015-12,4793
Gros,2016-01,4793
Gros,2016-02,4838
Gros,2016-03,4719
Gros,2016-04,4875
Gros,2016-05,4916
Gros,2016-06,4870
Gros,2016-07,4868
Gros,2016-08,4930
Gros,2016-09,4942
Gros,2016-10,4935
Gros,2016-11,4992
Gros,2016-12,4964
Gros,2017-01,4991
Gros,2017-02,4964
Gros,2017-03,4943
Gros,2017-04,4850
Gros,2017-05,4856
Gros,2017-06,4952
Gros,2017-07,5000
Gros,2017-08,5000
Gros,2017-09,4994
Gros,2017-10,4994
Gros,2017-11,5128
Gros,2017-12,5222
Gros,2018-01,5222
Gros,2018-02,5265
Gros,2018-03,5328
Gros,2018-04,5373
Gros,2018-05,5372
Gros,2018-06,5571
Gros,2018-07,5614
Gros,2018-08,5563
Gros,2018-09,5546
Gros,2018-10,5563
Gros,2018-11,5595
Gros,2018-12,5562
Gros,2019-01,5597
Gros,2019-02,5549
Gros,2019-03,5446
Gros,2019-04,5640
Gros,2019-05,5618
Gros,2019-06,5500
Gros,2019-07,5438
Gros,2019-08,5435
Gros,2019-09,5500
Gros,2019-10,5738
Gros,2019-11,5800
Gros,2019-12,5852
Gros,2020-01,5849
Gros,2020-02,5577
Gros,2020-03,5640
Gros,2020-04,5692
Gros,2020-05,5875
Gros,2020-06,5773
Gros,2020-07,5769
Gros,2020-08,5732
Gros,2020-09,5684
Gros,2020-10,5643
Gros,2020-11,5664
Gros,2020-12,5652
Gros,2021-01,5638
Gros,2021-02,5650
Gros,2021-03,5718
Gros,2021-04,5629
Gros,2021-05,5723
Gros,2021-06,5722
Gros,2021-07,5786
Gros,2021-08,5979
Gros,2021-09,5979
Gros,2021-10,6111
Gros,2021-11,6067
Gros,2021-12,6099
Gros,2022-01,6007
Gros,2022-02,6111
Gros,2022-03,6064
Gros,2022-04,6066
Gros,2022-05,6068
Gros,2022-06,6122
Gros,2022-07,6131
Gros,2022-08,6197
Gros,2022-09,6237
Gros,2022-10,6215
Gros,2022-11,6159
Gros,2022-12,6071
Gros,2023-01,6181
Gros,2023-02,6074
Gros,2023-03,6068
Gros,2023-04,6069
Gros,2023-05,6053
Gros,2023-06,6122
Gros,2023-07,6122
Gros,2023-08,6176
Gros,2023-09,6235
Gros,2023-10,6133
Gros,2023-11,6364
Gros,2023-12,6390
Gros,2024-01,6395
Gros,2024-02,6510
Gros,2024-03,6508
Gros,2024-04,6383
Gros,2024-05,6314
Gros,2024-06,6261
Gros,2024-07,6260
Gros,2024-08,6408
Gros,2024-09,6584
Gros,2024-10,6634
Gros,2024-11,6696
Gros,2024-12,6836
Gros,2025-01,6601
Gros,2025-02,6706
Gros,2025-03,6512
Gros,2025-04,6628
Gros,2025-05,6610
Gros,2025-06,6572
Gros,2025-07,6671
Gros,2025-08,6789
Gros,2025-09,6708
Gros,2025-10,6902
Gros,2025-11,6964
Gros,2025-12,6990
Gros,2026-01,6972
Gros,2026-02,7045
Gros,2026-03,7136
Gros,2026-04,7083
Gros,2026-05,6800
Gros,2026-06,6813
Intxaurrondo,2011-02,3793
Intxaurrondo,2011-03,3972
Intxaurrondo,2011-04,4002
Intxaurrondo,2011-05,4079
Intxaurrondo,2011-06,4011
Intxaurrondo,2011-07,3985
Intxaurrondo,2011-08,3988
Intxaurrondo,2011-09,3916
Intxaurrondo,2011-10,3897
Intxaurrondo,2011-11,3986
Intxaurrondo,2011-12,3986
Intxaurrondo,2012-01,3821
Intxaurrondo,2012-02,3535
Intxaurrondo,2012-03,3535
Intxaurrondo,2012-04,3510
Intxaurrondo,2012-05,3507
Intxaurrondo,2012-06,3568
Intxaurrondo,2012-07,3507
Intxaurrondo,2012-08,3466
Intxaurrondo,2012-09,3303
Intxaurrondo,2012-10,3268
Intxaurrondo,2012-11,3279
Intxaurrondo,2012-12,3253
Intxaurrondo,2013-01,3138
Intxaurrondo,2013-02,3147
Intxaurrondo,2013-03,3129
Intxaurrondo,2013-04,3068
Intxaurrondo,2013-05,3112
Intxaurrondo,2013-06,3113
Intxaurrondo,2013-07,3105
Intxaurrondo,2013-08,3124
Intxaurrondo,2013-09,3061
Intxaurrondo,2013-10,2960
Intxaurrondo,2013-11,2890
Intxaurrondo,2013-12,2923
Intxaurrondo,2014-01,2890
Intxaurrondo,2014-02,2837
Intxaurrondo,2014-03,2834
Intxaurrondo,2014-04,2729
Intxaurrondo,2014-05,2665
Intxaurrondo,2014-06,2653
Intxaurrondo,2014-07,2671
Intxaurrondo,2014-08,2671
Intxaurrondo,2014-09,2668
Intxaurrondo,2014-10,2652
Intxaurrondo,2014-11,2627
Intxaurrondo,2014-12,2667
Intxaurrondo,2015-01,2642
Intxaurrondo,2015-02,2635
Intxaurrondo,2015-03,2595
Intxaurrondo,2015-04,2563
Intxaurrondo,2015-05,2579
Intxaurrondo,2015-06,2620
Intxaurrondo,2015-07,2636
Intxaurrondo,2015-08,2637
Intxaurrondo,2015-09,2703
Intxaurrondo,2015-10,2821
Intxaurrondo,2015-11,2806
Intxaurrondo,2015-12,2834
Intxaurrondo,2016-01,2793
Intxaurrondo,2016-02,2773
Intxaurrondo,2016-03,2776
Intxaurrondo,2016-04,2797
Intxaurrondo,2016-05,2776
Intxaurrondo,2016-06,2776
Intxaurrondo,2016-07,2777
Intxaurrondo,2016-08,2798
Intxaurrondo,2016-09,2795
Intxaurrondo,2016-10,2789
Intxaurrondo,2016-11,2755
Intxaurrondo,2016-12,2717
Intxaurrondo,2017-01,2686
Intxaurrondo,2017-02,2684
Intxaurrondo,2017-03,2678
Intxaurrondo,2017-04,2694
Intxaurrondo,2017-05,2730
Intxaurrondo,2017-06,2723
Intxaurrondo,2017-07,2794
Intxaurrondo,2017-08,2800
Intxaurrondo,2017-09,2816
Intxaurrondo,2017-10,2831
Intxaurrondo,2017-11,2866
Intxaurrondo,2017-12,2965
Intxaurrondo,2018-01,2966
Intxaurrondo,2018-02,2915
Intxaurrondo,2018-03,2988
Intxaurrondo,2018-04,2955
Intxaurrondo,2018-05,2953
Intxaurrondo,2018-06,2923
Intxaurrondo,2018-07,2910
Intxaurrondo,2018-08,2945
Intxaurrondo,2018-09,2926
Intxaurrondo,2018-10,2972
Intxaurrondo,2018-11,2982
Intxaurrondo,2018-12,2974
Intxaurrondo,2019-01,2981
Intxaurrondo,2019-02,2983
Intxaurrondo,2019-03,2971
Intxaurrondo,2019-04,3019
Intxaurrondo,2019-05,3071
Intxaurrondo,2019-06,3100
Intxaurrondo,2019-07,3085
Intxaurrondo,2019-08,3069
Intxaurrondo,2019-09,3166
Intxaurrondo,2019-10,3125
Intxaurrondo,2019-11,3134
Intxaurrondo,2019-12,3099
Intxaurrondo,2020-01,3064
Intxaurrondo,2020-02,3075
Intxaurrondo,2020-03,3067
Intxaurrondo,2020-04,3079
Intxaurrondo,2020-05,3045
Intxaurrondo,2020-06,3137
Intxaurrondo,2020-07,3140
Intxaurrondo,2020-08,3242
Intxaurrondo,2020-09,3297
Intxaurrondo,2020-10,3279
Intxaurrondo,2020-11,3316
Intxaurrondo,2020-12,3220
Intxaurrondo,2021-01,3097
Intxaurrondo,2021-02,3139
Intxaurrondo,2021-03,3161
Intxaurrondo,2021-04,3185
Intxaurrondo,2021-05,3158
Intxaurrondo,2021-06,3225
Intxaurrondo,2021-07,3232
Intxaurrondo,2021-08,3234
Intxaurrondo,2021-09,3270
Intxaurrondo,2021-10,3205
Intxaurrondo,2021-11,3147
Intxaurrondo,2021-12,3151
Intxaurrondo,2022-01,3203
Intxaurrondo,2022-02,3272
Intxaurrondo,2022-03,3328
Intxaurrondo,2022-04,3358
Intxaurrondo,2022-05,3489
Intxaurrondo,2022-06,3500
Intxaurrondo,2022-07,3440
Intxaurrondo,2022-08,3601
Intxaurrondo,2022-09,3681
Intxaurrondo,2022-10,3619
Intxaurrondo,2022-11,3710
Intxaurrondo,2022-12,3726
Intxaurrondo,2023-01,3709
Intxaurrondo,2023-02,3678
Intxaurrondo,2023-03,3680
Intxaurrondo,2023-04,3694
Intxaurrondo,2023-05,3614
Intxaurrondo,2023-06,3574
Intxaurrondo,2023-07,3512
Intxaurrondo,2023-08,3499
Intxaurrondo,2023-09,3519
Intxaurrondo,2023-10,3451
Intxaurrondo,2023-11,3417
Intxaurrondo,2023-12,3538
Intxaurrondo,2024-01,3614
Intxaurrondo,2024-02,3491
Intxaurrondo,2024-03,3495
Intxaurrondo,2024-04,3605
Intxaurrondo,2024-05,3545
Intxaurrondo,2024-06,3420
Intxaurrondo,2024-07,3633
Intxaurrondo,2024-08,3765
Intxaurrondo,2024-09,3897
Intxaurrondo,2024-10,4028
Intxaurrondo,2024-11,4101
Intxaurrondo,2024-12,4211
Intxaurrondo,2025-01,4184
Intxaurrondo,2025-02,4156
Intxaurrondo,2025-03,4157
Intxaurrondo,2025-04,4098
Intxaurrondo,2025-05,4151
Intxaurrondo,2025-06,4334
Intxaurrondo,2025-07,4517
Intxaurrondo,2025-08,4700
Intxaurrondo,2025-09,4610
Intxaurrondo,2025-10,4746
Intxaurrondo,2025-11,4671
Intxaurrondo,2025-12,4842
Intxaurrondo,2026-01,4848
Intxaurrondo,2026-02,4939
Intxaurrondo,2026-03,4554
Intxaurrondo,2026-04,4595
Intxaurrondo,2026-05,4623
Intxaurrondo,2026-06,4598
Parte Vieja,2012-08,4792
Parte Vieja,2012-09,4730
Parte Vieja,2012-10,4712
Parte Vieja,2012-11,4712
Parte Vieja,2012-12,4602
Parte Vieja,2013-01,4438
Parte Vieja,2013-02,4286
Parte Vieja,2013-03,4308
Parte Vieja,2013-04,4414
Parte Vieja,2013-05,4444
Parte Vieja,2013-06,4556
Parte Vieja,2013-07,4467
Parte Vieja,2013-08,4414
Parte Vieja,2013-09,4429
Parte Vieja,2013-10,4429
Parte Vieja,2013-11,4444
Parte Vieja,2013-12,4444
Parte Vieja,2014-01,4333
Parte Vieja,2014-02,4333
Parte Vieja,2014-03,4500
Parte Vieja,2014-04,4504
Parte Vieja,2014-05,4513
Parte Vieja,2014-06,4556
Parte Vieja,2014-07,4640
Parte Vieja,2014-08,4714
Parte Vieja,2014-09,4745
Parte Vieja,2014-10,4640
Parte Vieja,2014-11,4744
Parte Vieja,2014-12,4546
Parte Vieja,2015-01,4464
Parte Vieja,2015-02,4286
Parte Vieja,2015-03,4190
Parte Vieja,2015-04,4231
Parte Vieja,2015-05,4286
Parte Vieja,2015-06,4158
Parte Vieja,2015-07,4207
Parte Vieja,2015-08,4190
Parte Vieja,2015-09,4214
Parte Vieja,2015-10,4400
Parte Vieja,2015-11,4560
Parte Vieja,2015-12,4560
Parte Vieja,2016-01,4362
Parte Vieja,2016-02,4433
Parte Vieja,2016-03,4560
Parte Vieja,2016-04,4560
Parte Vieja,2016-05,4600
Parte Vieja,2016-06,4560
Parte Vieja,2016-07,4643
Parte Vieja,2016-08,5150
Parte Vieja,2016-09,5158
Parte Vieja,2016-10,5167
Parte Vieja,2016-11,5000
Parte Vieja,2016-12,5083
Parte Vieja,2017-01,4859
Parte Vieja,2017-02,4643
Parte Vieja,2017-03,4643
Parte Vieja,2017-04,4750
Parte Vieja,2017-05,4657
Parte Vieja,2017-06,4625
Parte Vieja,2017-07,4634
Parte Vieja,2017-08,4731
Parte Vieja,2017-09,4758
Parte Vieja,2017-10,4650
Parte Vieja,2017-11,4650
Parte Vieja,2017-12,4765
Parte Vieja,2018-01,4781
Parte Vieja,2018-02,4900
Parte Vieja,2018-03,4915
Parte Vieja,2018-04,5000
Parte Vieja,2018-05,5059
Parte Vieja,2018-06,4900
Parte Vieja,2018-07,4833
Parte Vieja,2018-08,4800
Parte Vieja,2018-09,5000
Parte Vieja,2018-10,5053
Parte Vieja,2018-11,5096
Parte Vieja,2018-12,5142
Parte Vieja,2019-01,5198
Parte Vieja,2019-02,5231
Parte Vieja,2019-03,5455
Parte Vieja,2019-04,5600
Parte Vieja,2019-05,5714
Parte Vieja,2019-06,5455
Parte Vieja,2019-07,5449
Parte Vieja,2019-08,5448
Parte Vieja,2019-09,5500
Parte Vieja,2019-10,5413
Parte Vieja,2019-11,5373
Parte Vieja,2019-12,5273
Parte Vieja,2020-01,5182
Parte Vieja,2020-02,5070
Parte Vieja,2020-03,5200
Parte Vieja,2020-04,5214
Parte Vieja,2020-05,5200
Parte Vieja,2020-06,5727
Parte Vieja,2020-07,5538
Parte Vieja,2020-08,5281
Parte Vieja,2020-09,5267
Parte Vieja,2020-10,5224
Parte Vieja,2020-11,5227
Parte Vieja,2020-12,5198
Parte Vieja,2021-01,5214
Parte Vieja,2021-02,5286
Parte Vieja,2021-03,5200
Parte Vieja,2021-04,5456
Parte Vieja,2021-05,5397
Parte Vieja,2021-06,5397
Parte Vieja,2021-07,5596
Parte Vieja,2021-08,5568
Parte Vieja,2021-09,5484
Parte Vieja,2021-10,5325
Parte Vieja,2021-11,5357
Parte Vieja,2021-12,5455
Parte Vieja,2022-01,5286
Parte Vieja,2022-02,5167
Parte Vieja,2022-03,5111
Parte Vieja,2022-04,5173
Parte Vieja,2022-05,5299
Parte Vieja,2022-06,5125
Parte Vieja,2022-07,5188
Parte Vieja,2022-08,5303
Parte Vieja,2022-09,5303
Parte Vieja,2022-10,5273
Parte Vieja,2022-11,5167
Parte Vieja,2022-12,5000
Parte Vieja,2023-01,5000
Parte Vieja,2023-02,5139
Parte Vieja,2023-03,5195
Parte Vieja,2023-04,5326
Parte Vieja,2023-05,5433
Parte Vieja,2023-06,5326
Parte Vieja,2023-07,5345
Parte Vieja,2023-08,5475
Parte Vieja,2023-09,5351
Parte Vieja,2023-10,5433
Parte Vieja,2023-11,5434
Parte Vieja,2023-12,5690
Parte Vieja,2024-01,5763
Parte Vieja,2024-02,5915
Parte Vieja,2024-03,5931
Parte Vieja,2024-04,5915
Parte Vieja,2024-05,5957
Parte Vieja,2024-06,5983
Parte Vieja,2024-07,6143
Parte Vieja,2024-08,6250
Parte Vieja,2024-09,6467
Parte Vieja,2024-10,6461
Parte Vieja,2024-11,6537
Parte Vieja,2024-12,6716
Parte Vieja,2025-01,6895
Parte Vieja,2025-02,6895
Parte Vieja,2025-03,6900
Parte Vieja,2025-04,6500
Parte Vieja,2025-05,6690
Parte Vieja,2025-06,6642
Parte Vieja,2025-07,6782
Parte Vieja,2025-08,6750
Parte Vieja,2025-09,6471
Parte Vieja,2025-10,6785
Parte Vieja,2025-11,7099
Parte Vieja,2025-12,7413
Parte Vieja,2026-01,7727
Parte Vieja,2026-02,7860
Parte Vieja,2026-03,7895
Parte Vieja,2026-04,7286
Parte Vieja,2026-05,7286
Parte Vieja,2026-06,7222
